{"cameraMode":{"drawMode":0,"name":"Shaded","section":"Shading Mode"},"sceneLighting":true,"audioPlay":false,"sceneViewState":{"showFog":true,"showMaterialUpdate":false,"showSkybox":false,"showFlares":true,"showImageEffects":true,"showParticleSystems":true},"in2DMode":false,"pivot":{"x":-2.3398685455322267,"y":2.0805134773254396,"z":-8.710163116455079},"rotation":{"x":-0.0003252352471463382,"y":0.9936213493347168,"z":-0.014766057021915913,"w":-0.11343236267566681},"size":15.953218460083008,"orthographic":false}