{"cameraMode":{"drawMode":0,"name":"Shaded","section":"Shading Mode"},"sceneLighting":false,"audioPlay":false,"sceneViewState":{"showFog":true,"showMaterialUpdate":false,"showSkybox":false,"showFlares":true,"showImageEffects":true,"showParticleSystems":true},"in2DMode":false,"pivot":{"x":-79.55575561523438,"y":-80.43779754638672,"z":-149.64511108398438},"rotation":{"x":0.04487290605902672,"y":-0.9551195502281189,"z":0.20898506045341493,"w":0.20509590208530427},"size":239.81578063964845,"orthographic":false}