{"cameraMode":{"drawMode":0,"name":"Shaded","section":"Shading Mode"},"sceneLighting":false,"audioPlay":false,"sceneViewState":{"showFog":true,"showMaterialUpdate":false,"showSkybox":false,"showFlares":true,"showImageEffects":true,"showParticleSystems":true},"in2DMode":false,"pivot":{"x":-0.5653679966926575,"y":1.7715126276016236,"z":-0.52656090259552},"rotation":{"x":-0.3322739005088806,"y":-0.05864899605512619,"z":0.020187316462397577,"w":-0.9413140416145325},"size":1.3590229749679566,"orthographic":false}