{"cameraMode":{"drawMode":0,"name":"Shaded","section":"Shading Mode"},"sceneLighting":false,"audioPlay":false,"sceneViewState":{"showFog":true,"showMaterialUpdate":false,"showSkybox":false,"showFlares":true,"showImageEffects":true,"showParticleSystems":true},"in2DMode":false,"pivot":{"x":-1.478867530822754,"y":1.0867457389831544,"z":-0.19810479879379273},"rotation":{"x":0.2023371160030365,"y":-0.6278989911079407,"z":0.17384633421897889,"w":0.7312784194946289},"size":4.958097457885742,"orthographic":false}