{"cameraMode":{"drawMode":0,"name":"Shaded","section":"Shading Mode"},"sceneLighting":true,"audioPlay":false,"sceneViewState":{"showFog":true,"showMaterialUpdate":false,"showSkybox":false,"showFlares":true,"showImageEffects":true,"showParticleSystems":true},"in2DMode":false,"pivot":{"x":-4.315225601196289,"y":-3.179049253463745,"z":10.758414268493653},"rotation":{"x":-0.2165823131799698,"y":0.2136259377002716,"z":-0.05000420659780502,"w":-0.951488733291626},"size":19.800174713134767,"orthographic":false}