{"cameraMode":{"drawMode":0,"name":"Shaded","section":"Shading Mode"},"sceneLighting":false,"audioPlay":false,"sceneViewState":{"showFog":true,"showMaterialUpdate":false,"showSkybox":false,"showFlares":true,"showImageEffects":true,"showParticleSystems":true},"in2DMode":false,"pivot":{"x":-24.700000762939454,"y":-0.7799999713897705,"z":-27.770000457763673},"rotation":{"x":0.028352243825793268,"y":-0.9517033696174622,"z":0.29161497950553896,"w":0.09340891987085343},"size":5.032386779785156,"orthographic":false}