{"cameraMode":{"drawMode":0,"name":"Shaded","section":"Shading Mode"},"sceneLighting":false,"audioPlay":false,"sceneViewState":{"showFog":true,"showMaterialUpdate":false,"showSkybox":false,"showFlares":true,"showImageEffects":true,"showParticleSystems":true},"in2DMode":false,"pivot":{"x":31.4964599609375,"y":5.782924175262451,"z":6.028162479400635},"rotation":{"x":0.013561594299972058,"y":-0.9356437921524048,"z":0.05289885401725769,"w":0.34988513588905337},"size":14.150459289550782,"orthographic":false}