{"cameraMode":{"drawMode":0,"name":"Shaded","section":"Shading Mode"},"sceneLighting":true,"audioPlay":false,"sceneViewState":{"showFog":true,"showMaterialUpdate":false,"showSkybox":true,"showFlares":true,"showImageEffects":true,"showParticleSystems":true},"in2DMode":false,"pivot":{"x":71.54995727539063,"y":676.7213134765625,"z":0.0},"rotation":{"x":0.37673893570899966,"y":-0.14819660782814027,"z":0.06679610162973404,"w":0.9124516248703003},"size":103.2590103149414,"orthographic":false}