{"cameraMode":{"drawMode":0,"name":"Shaded","section":"Shading Mode"},"sceneLighting":false,"audioPlay":false,"sceneViewState":{"showFog":true,"showMaterialUpdate":false,"showSkybox":false,"showFlares":true,"showImageEffects":true,"showParticleSystems":true},"in2DMode":false,"pivot":{"x":-27.14718246459961,"y":-0.28403109312057497,"z":-20.405664443969728},"rotation":{"x":0.027342449873685838,"y":-0.9300829768180847,"z":0.07074113190174103,"w":0.3596690893173218},"size":4.958098411560059,"orthographic":false}