{"cameraMode":{"drawMode":0,"name":"Shaded","section":"Shading Mode"},"sceneLighting":false,"audioPlay":false,"sceneViewState":{"showFog":true,"showMaterialUpdate":false,"showSkybox":false,"showFlares":true,"showImageEffects":true,"showParticleSystems":true},"in2DMode":false,"pivot":{"x":-42.72999954223633,"y":0.8960000276565552,"z":-41.47999954223633},"rotation":{"x":0.046833135187625888,"y":-0.951958417892456,"z":0.1898779273033142,"w":0.2363048493862152},"size":2.4000627994537355,"orthographic":false}