{"cameraMode":{"drawMode":0,"name":"Shaded","section":"Shading Mode"},"sceneLighting":true,"audioPlay":false,"sceneViewState":{"showFog":true,"showMaterialUpdate":false,"showSkybox":true,"showFlares":true,"showImageEffects":true,"showParticleSystems":true},"in2DMode":false,"pivot":{"x":-44.75365447998047,"y":-27.863550186157228,"z":7.360795497894287},"rotation":{"x":-0.2785414457321167,"y":0.640335738658905,"z":-0.2688528299331665,"w":-0.663414716720581},"size":62.93992233276367,"orthographic":false}