{"cameraMode":{"drawMode":0,"name":"Shaded","section":"Shading Mode"},"sceneLighting":true,"audioPlay":false,"sceneViewState":{"showFog":true,"showMaterialUpdate":false,"showSkybox":true,"showFlares":true,"showImageEffects":true,"showParticleSystems":true},"in2DMode":false,"pivot":{"x":-15.067411422729493,"y":1.011000156402588,"z":-3.8125925064086916},"rotation":{"x":0.37673893570899966,"y":-0.14819660782814027,"z":0.06679610162973404,"w":0.9124516248703003},"size":12.852995872497559,"orthographic":false}