{"cameraMode":{"drawMode":0,"name":"Shaded","section":"Shading Mode"},"sceneLighting":true,"audioPlay":false,"sceneViewState":{"showFog":true,"showMaterialUpdate":false,"showSkybox":true,"showFlares":true,"showImageEffects":true,"showParticleSystems":true},"in2DMode":false,"pivot":{"x":-23.850160598754884,"y":-4.105367183685303,"z":5.643030643463135},"rotation":{"x":0.3057292401790619,"y":-0.6436249613761902,"z":0.3224818706512451,"w":0.6239233016967773},"size":39.098289489746097,"orthographic":false}