{"cameraMode":{"drawMode":0,"name":"Shaded","section":"Shading Mode"},"sceneLighting":true,"audioPlay":false,"sceneViewState":{"showFog":true,"showMaterialUpdate":false,"showSkybox":true,"showFlares":true,"showImageEffects":true,"showParticleSystems":true},"in2DMode":false,"pivot":{"x":-13.754161834716797,"y":-15.44216537475586,"z":-6.193743705749512},"rotation":{"x":-0.17964515089988709,"y":0.7886641621589661,"z":-0.2743513584136963,"w":-0.5211547017097473},"size":49.91352081298828,"orthographic":false}