{"cameraMode":{"drawMode":0,"name":"Shaded","section":"Shading Mode"},"sceneLighting":false,"audioPlay":false,"sceneViewState":{"showFog":true,"showMaterialUpdate":false,"showSkybox":false,"showFlares":true,"showImageEffects":true,"showParticleSystems":true},"in2DMode":false,"pivot":{"x":-24.70001220703125,"y":-0.779998779296875,"z":-27.770000457763673},"rotation":{"x":0.28819307684898379,"y":-0.6557760238647461,"z":0.30042219161987307,"w":0.6300452947616577},"size":1320.0126953125,"orthographic":false}