{"cameraMode":{"drawMode":0,"name":"Shaded","section":"Shading Mode"},"sceneLighting":true,"audioPlay":false,"sceneViewState":{"showFog":true,"showMaterialUpdate":false,"showSkybox":false,"showFlares":true,"showImageEffects":true,"showParticleSystems":true},"in2DMode":false,"pivot":{"x":7.935174465179443,"y":-9.864326477050782,"z":-22.936946868896486},"rotation":{"x":-0.048355892300605777,"y":-0.952267050743103,"z":0.2321932315826416,"w":-0.1932051181793213},"size":34.80642318725586,"orthographic":false}